<?xml version="1.0" encoding="UTF-8"?>
<GenRun Id="synth_1" LaunchPart="xc7a35tcpg236-1" LaunchTime="1713688421">
  <File Type="PA-TCL" Name="RISC_V_Processor.tcl"/>
  <File Type="RDS-PROPCONSTRS" Name="RISC_V_Processor_drc_synth.rpt"/>
  <File Type="REPORTS-TCL" Name="RISC_V_Processor_reports.tcl"/>
  <File Type="RDS-RDS" Name="RISC_V_Processor.vds"/>
  <File Type="RDS-UTIL" Name="RISC_V_Processor_utilization_synth.rpt"/>
  <File Type="RDS-UTIL-PB" Name="RISC_V_Processor_utilization_synth.pb"/>
  <File Type="RDS-DCP" Name="RISC_V_Processor.dcp"/>
  <File Type="VDS-TIMINGSUMMARY" Name="RISC_V_Processor_timing_summary_synth.rpt"/>
  <File Type="VDS-TIMING-PB" Name="RISC_V_Processor_timing_summary_synth.pb"/>
  <FileSet Name="sources" Type="DesignSrcs" RelSrcDir="$PSRCDIR/sources_1">
    <Filter Type="Srcs"/>
    <File Path="$PSRCDIR/sources_1/new/ALU_64_BIT.v">
      <FileInfo>
        <Attr Name="ImportPath" Val="$PPRDIR/../../insertion/insertion/project_final/project_final.srcs/sources_1/new/ALU_64_BIT.v"/>
        <Attr Name="ImportTime" Val="1713617402"/>
        <Attr Name="UsedIn" Val="synthesis"/>
        <Attr Name="UsedIn" Val="implementation"/>
        <Attr Name="UsedIn" Val="simulation"/>
      </FileInfo>
    </File>
    <File Path="$PSRCDIR/sources_1/new/ALU_Control.v">
      <FileInfo>
        <Attr Name="ImportPath" Val="$PPRDIR/../../insertion/insertion/project_final/project_final.srcs/sources_1/new/ALU_Control.v"/>
        <Attr Name="ImportTime" Val="1713617402"/>
        <Attr Name="UsedIn" Val="synthesis"/>
        <Attr Name="UsedIn" Val="implementation"/>
        <Attr Name="UsedIn" Val="simulation"/>
      </FileInfo>
    </File>
    <File Path="$PSRCDIR/sources_1/new/Adder.v">
      <FileInfo>
        <Attr Name="ImportPath" Val="$PPRDIR/../../insertion/insertion/project_final/project_final.srcs/sources_1/new/Adder.v"/>
        <Attr Name="ImportTime" Val="1713617402"/>
        <Attr Name="UsedIn" Val="synthesis"/>
        <Attr Name="UsedIn" Val="implementation"/>
        <Attr Name="UsedIn" Val="simulation"/>
      </FileInfo>
    </File>
    <File Path="$PSRCDIR/sources_1/new/Control_Unit.v">
      <FileInfo>
        <Attr Name="ImportPath" Val="$PPRDIR/../../insertion/insertion/project_final/project_final.srcs/sources_1/new/Control_Unit.v"/>
        <Attr Name="ImportTime" Val="1713617402"/>
        <Attr Name="UsedIn" Val="synthesis"/>
        <Attr Name="UsedIn" Val="implementation"/>
        <Attr Name="UsedIn" Val="simulation"/>
      </FileInfo>
    </File>
    <File Path="$PSRCDIR/sources_1/new/Data_Memory.v">
      <FileInfo>
        <Attr Name="ImportPath" Val="$PPRDIR/../../insertion/insertion/project_final/project_final.srcs/sources_1/new/Data_Memory.v"/>
        <Attr Name="ImportTime" Val="1713617402"/>
        <Attr Name="UsedIn" Val="synthesis"/>
        <Attr Name="UsedIn" Val="implementation"/>
        <Attr Name="UsedIn" Val="simulation"/>
      </FileInfo>
    </File>
    <File Path="$PSRCDIR/sources_1/new/Instruction.v">
      <FileInfo>
        <Attr Name="ImportPath" Val="$PPRDIR/../../insertion/insertion/project_final/project_final.srcs/sources_1/new/Instruction.v"/>
        <Attr Name="ImportTime" Val="1713617402"/>
        <Attr Name="UsedIn" Val="synthesis"/>
        <Attr Name="UsedIn" Val="implementation"/>
        <Attr Name="UsedIn" Val="simulation"/>
      </FileInfo>
    </File>
    <File Path="$PSRCDIR/sources_1/new/Instruction_Memory.v">
      <FileInfo>
        <Attr Name="ImportPath" Val="$PPRDIR/../../insertion/insertion/project_final/project_final.srcs/sources_1/new/Instruction_Memory.v"/>
        <Attr Name="ImportTime" Val="1713642890"/>
        <Attr Name="UsedIn" Val="synthesis"/>
        <Attr Name="UsedIn" Val="implementation"/>
        <Attr Name="UsedIn" Val="simulation"/>
      </FileInfo>
    </File>
    <File Path="$PSRCDIR/sources_1/new/MUX.v">
      <FileInfo>
        <Attr Name="ImportPath" Val="$PPRDIR/../../insertion/insertion/project_final/project_final.srcs/sources_1/new/MUX.v"/>
        <Attr Name="ImportTime" Val="1713617402"/>
        <Attr Name="UsedIn" Val="synthesis"/>
        <Attr Name="UsedIn" Val="implementation"/>
        <Attr Name="UsedIn" Val="simulation"/>
      </FileInfo>
    </File>
    <File Path="$PSRCDIR/sources_1/new/Program_Counter.v">
      <FileInfo>
        <Attr Name="ImportPath" Val="$PPRDIR/../../insertion/insertion/project_final/project_final.srcs/sources_1/new/Program_Counter.v"/>
        <Attr Name="ImportTime" Val="1713617402"/>
        <Attr Name="UsedIn" Val="synthesis"/>
        <Attr Name="UsedIn" Val="implementation"/>
        <Attr Name="UsedIn" Val="simulation"/>
      </FileInfo>
    </File>
    <File Path="$PSRCDIR/sources_1/new/RegisterFile.v">
      <FileInfo>
        <Attr Name="ImportPath" Val="$PPRDIR/../../insertion/insertion/project_final/project_final.srcs/sources_1/new/RegisterFile.v"/>
        <Attr Name="ImportTime" Val="1713617402"/>
        <Attr Name="UsedIn" Val="synthesis"/>
        <Attr Name="UsedIn" Val="implementation"/>
        <Attr Name="UsedIn" Val="simulation"/>
      </FileInfo>
    </File>
    <File Path="$PSRCDIR/sources_1/new/branch_module.v">
      <FileInfo>
        <Attr Name="ImportPath" Val="$PPRDIR/../../insertion/insertion/project_final/project_final.srcs/sources_1/new/branch_module.v"/>
        <Attr Name="ImportTime" Val="1713617402"/>
        <Attr Name="UsedIn" Val="synthesis"/>
        <Attr Name="UsedIn" Val="implementation"/>
        <Attr Name="UsedIn" Val="simulation"/>
      </FileInfo>
    </File>
    <File Path="$PSRCDIR/sources_1/new/imm_data_gen.v">
      <FileInfo>
        <Attr Name="ImportPath" Val="$PPRDIR/../../insertion/insertion/project_final/project_final.srcs/sources_1/new/imm_data_gen.v"/>
        <Attr Name="ImportTime" Val="1713617402"/>
        <Attr Name="UsedIn" Val="synthesis"/>
        <Attr Name="UsedIn" Val="implementation"/>
        <Attr Name="UsedIn" Val="simulation"/>
      </FileInfo>
    </File>
    <File Path="$PSRCDIR/sources_1/new/RISC_V_Processor.v">
      <FileInfo>
        <Attr Name="ImportPath" Val="$PPRDIR/../../insertion/insertion/project_final/project_final.srcs/sources_1/new/RISC_V_Processor.v"/>
        <Attr Name="ImportTime" Val="1713617402"/>
        <Attr Name="UsedIn" Val="synthesis"/>
        <Attr Name="UsedIn" Val="implementation"/>
        <Attr Name="UsedIn" Val="simulation"/>
      </FileInfo>
    </File>
    <Config>
      <Option Name="DesignMode" Val="RTL"/>
      <Option Name="TopModule" Val="RISC_V_Processor"/>
    </Config>
  </FileSet>
  <FileSet Name="constrs_in" Type="Constrs" RelSrcDir="$PSRCDIR/constrs_1">
    <Filter Type="Constrs"/>
    <Config>
      <Option Name="ConstrsType" Val="XDC"/>
    </Config>
  </FileSet>
  <FileSet Name="utils" Type="Utils" RelSrcDir="$PSRCDIR/utils_1">
    <Filter Type="Utils"/>
    <Config>
      <Option Name="TopAutoSet" Val="TRUE"/>
    </Config>
  </FileSet>
  <Strategy Version="1" Minor="2">
    <StratHandle Name="Vivado Synthesis Defaults" Flow="Vivado Synthesis 2020"/>
    <Step Id="synth_design"/>
  </Strategy>
</GenRun>
