<?xml version="1.0" encoding="UTF-8"?>
<GenRun Id="impl_1" LaunchPart="xc7a35tcpg236-1" LaunchTime="1713774573">
  <File Type="ROUTE-PWR" Name="RISC_V_Processor_power_routed.rpt"/>
  <File Type="PA-TCL" Name="RISC_V_Processor.tcl"/>
  <File Type="ROUTE-PWR-SUM" Name="RISC_V_Processor_power_summary_routed.pb"/>
  <File Type="REPORTS-TCL" Name="RISC_V_Processor_reports.tcl"/>
  <File Type="BITSTR-MSK" Name="RISC_V_Processor.msk"/>
  <File Type="ROUTE-CLK" Name="RISC_V_Processor_clock_utilization_routed.rpt"/>
  <File Type="RDI-RDI" Name="RISC_V_Processor.vdi"/>
  <File Type="BG-BIT" Name="RISC_V_Processor.bit"/>
  <File Type="BG-DRC" Name="RISC_V_Processor.drc"/>
  <File Type="BG-BGN" Name="RISC_V_Processor.bgn"/>
  <File Type="BG-BIN" Name="RISC_V_Processor.bin"/>
  <File Type="BITSTR-RBT" Name="RISC_V_Processor.rbt"/>
  <File Type="BITSTR-NKY" Name="RISC_V_Processor.nky"/>
  <File Type="BITSTR-BMM" Name="RISC_V_Processor_bd.bmm"/>
  <File Type="ROUTE-METHODOLOGY-DRC" Name="RISC_V_Processor_methodology_drc_routed.rpt"/>
  <File Type="BITSTR-MMI" Name="RISC_V_Processor.mmi"/>
  <File Type="ROUTE-METHODOLOGY-DRC-PB" Name="RISC_V_Processor_methodology_drc_routed.pb"/>
  <File Type="BITSTR-SYSDEF" Name="RISC_V_Processor.sysdef"/>
  <File Type="ROUTE-DRC-RPX" Name="RISC_V_Processor_drc_routed.rpx"/>
  <File Type="BITSTR-LTX" Name="debug_nets.ltx"/>
  <File Type="BITSTR-LTX" Name="RISC_V_Processor.ltx"/>
  <File Type="RCFI_FILE" Name="RISC_V_Processor.rcfi"/>
  <File Type="WBT-USG" Name="usage_statistics_webtalk.html"/>
  <File Type="OPT-DRC" Name="RISC_V_Processor_drc_opted.rpt"/>
  <File Type="OPT-HWDEF" Name="RISC_V_Processor.hwdef"/>
  <File Type="PLACE-IO" Name="RISC_V_Processor_io_placed.rpt"/>
  <File Type="PLACE-UTIL" Name="RISC_V_Processor_utilization_placed.rpt"/>
  <File Type="PLACE-UTIL-PB" Name="RISC_V_Processor_utilization_placed.pb"/>
  <File Type="PLACE-CTRL" Name="RISC_V_Processor_control_sets_placed.rpt"/>
  <File Type="PLACE-PRE-SIMILARITY" Name="RISC_V_Processor_incremental_reuse_pre_placed.rpt"/>
  <File Type="ROUTE-DRC" Name="RISC_V_Processor_drc_routed.rpt"/>
  <File Type="ROUTE-DRC-PB" Name="RISC_V_Processor_drc_routed.pb"/>
  <File Type="ROUTE-PWR-RPX" Name="RISC_V_Processor_power_routed.rpx"/>
  <File Type="ROUTE-STATUS" Name="RISC_V_Processor_route_status.rpt"/>
  <File Type="ROUTE-STATUS-PB" Name="RISC_V_Processor_route_status.pb"/>
  <File Type="ROUTE-DCP" Name="RISC_V_Processor_routed.dcp"/>
  <File Type="ROUTE-ERROR-DCP" Name="RISC_V_Processor_routed_error.dcp"/>
  <File Type="ROUTE-BLACKBOX-DCP" Name="RISC_V_Processor_routed_bb.dcp"/>
  <File Type="ROUTE-TIMINGSUMMARY" Name="RISC_V_Processor_timing_summary_routed.rpt"/>
  <File Type="ROUTE-TIMING-PB" Name="RISC_V_Processor_timing_summary_routed.pb"/>
  <File Type="ROUTE-TIMING-RPX" Name="RISC_V_Processor_timing_summary_routed.rpx"/>
  <File Type="ROUTE-BUS-SKEW" Name="RISC_V_Processor_bus_skew_routed.rpt"/>
  <File Type="ROUTE-BUS-SKEW-PB" Name="RISC_V_Processor_bus_skew_routed.pb"/>
  <File Type="ROUTE-BUS-SKEW-RPX" Name="RISC_V_Processor_bus_skew_routed.rpx"/>
  <File Type="OPT-DCP" Name="RISC_V_Processor_opt.dcp"/>
  <File Type="PLACE-DCP" Name="RISC_V_Processor_placed.dcp"/>
  <File Type="PWROPT-DCP" Name="RISC_V_Processor_pwropt.dcp"/>
  <File Type="POSTPLACE-PWROPT-DCP" Name="RISC_V_Processor_postplace_pwropt.dcp"/>
  <File Type="PHYSOPT-DCP" Name="RISC_V_Processor_physopt.dcp"/>
  <File Type="POSTROUTE-PHYSOPT-DCP" Name="RISC_V_Processor_postroute_physopt.dcp"/>
  <File Type="POSTROUTE-PHYSOPT-BLACKBOX-DCP" Name="RISC_V_Processor_postroute_physopt_bb.dcp"/>
  <File Type="ROUTE-METHODOLOGY-DRC-RPX" Name="RISC_V_Processor_methodology_drc_routed.rpx"/>
  <File Type="PDI-FILE" Name="RISC_V_Processor.pdi"/>
  <File Type="CFI_FILE" Name="RISC_V_Processor.cfi"/>
  <File Type="RNPI_FILE" Name="RISC_V_Processor.rnpi"/>
  <File Type="NPI_FILE" Name="RISC_V_Processor.npi"/>
  <File Type="RBD_FILE" Name="RISC_V_Processor.rbd"/>
  <FileSet Name="sources" Type="DesignSrcs" RelSrcDir="$PSRCDIR/sources_1">
    <Filter Type="Srcs"/>
    <File Path="$PSRCDIR/sources_1/new/ALU_64_bit.v">
      <FileInfo>
        <Attr Name="ImportPath" Val="$PPRDIR/../CA_Project_Final_group7/insertion/insertion/project_task_2/project_task_2.srcs/sources_1/new/ALU_64_bit.v"/>
        <Attr Name="ImportTime" Val="1713617407"/>
        <Attr Name="UsedIn" Val="synthesis"/>
        <Attr Name="UsedIn" Val="implementation"/>
        <Attr Name="UsedIn" Val="simulation"/>
      </FileInfo>
    </File>
    <File Path="$PSRCDIR/sources_1/new/ALU_Control.v">
      <FileInfo>
        <Attr Name="ImportPath" Val="$PPRDIR/../CA_Project_Final_group7/insertion/insertion/project_task_2/project_task_2.srcs/sources_1/new/ALU_Control.v"/>
        <Attr Name="ImportTime" Val="1713617407"/>
        <Attr Name="UsedIn" Val="synthesis"/>
        <Attr Name="UsedIn" Val="implementation"/>
        <Attr Name="UsedIn" Val="simulation"/>
      </FileInfo>
    </File>
    <File Path="$PSRCDIR/sources_1/new/Data_Memory.v">
      <FileInfo>
        <Attr Name="ImportPath" Val="$PPRDIR/../CA_Project_Final_group7/insertion/insertion/project_task_2/project_task_2.srcs/sources_1/new/Data_Memory.v"/>
        <Attr Name="ImportTime" Val="1713617407"/>
        <Attr Name="UsedIn" Val="synthesis"/>
        <Attr Name="UsedIn" Val="implementation"/>
        <Attr Name="UsedIn" Val="simulation"/>
      </FileInfo>
    </File>
    <File Path="$PSRCDIR/sources_1/new/Decoder.v">
      <FileInfo>
        <Attr Name="ImportPath" Val="$PPRDIR/../CA_Project_Final_group7/task_3/task_3.srcs/sources_1/new/Decoder.v"/>
        <Attr Name="ImportTime" Val="1713773604"/>
        <Attr Name="UsedIn" Val="synthesis"/>
        <Attr Name="UsedIn" Val="implementation"/>
        <Attr Name="UsedIn" Val="simulation"/>
      </FileInfo>
    </File>
    <File Path="$PSRCDIR/sources_1/new/EXMEM.v">
      <FileInfo>
        <Attr Name="ImportPath" Val="$PPRDIR/../CA_Project_Final_group7/insertion/insertion/project_task_2/project_task_2.srcs/sources_1/new/EXMEM.v"/>
        <Attr Name="ImportTime" Val="1713617407"/>
        <Attr Name="UsedIn" Val="synthesis"/>
        <Attr Name="UsedIn" Val="implementation"/>
        <Attr Name="UsedIn" Val="simulation"/>
      </FileInfo>
    </File>
    <File Path="$PSRCDIR/sources_1/new/Forwarding_Unit.v">
      <FileInfo>
        <Attr Name="ImportPath" Val="$PPRDIR/../CA_Project_Final_group7/insertion/insertion/project_task_2/project_task_2.srcs/sources_1/new/Forwarding_Unit.v"/>
        <Attr Name="ImportTime" Val="1713617408"/>
        <Attr Name="UsedIn" Val="synthesis"/>
        <Attr Name="UsedIn" Val="implementation"/>
        <Attr Name="UsedIn" Val="simulation"/>
      </FileInfo>
    </File>
    <File Path="$PSRCDIR/sources_1/new/HazardDetectionUnit.v">
      <FileInfo>
        <Attr Name="ImportPath" Val="$PPRDIR/../CA_Project_Final_group7/task-2/task-2.srcs/sources_1/new/HazardDetectionUnit.v"/>
        <Attr Name="ImportTime" Val="1713713733"/>
        <Attr Name="UsedIn" Val="synthesis"/>
        <Attr Name="UsedIn" Val="implementation"/>
        <Attr Name="UsedIn" Val="simulation"/>
      </FileInfo>
    </File>
    <File Path="$PSRCDIR/sources_1/new/IDEX.v">
      <FileInfo>
        <Attr Name="ImportPath" Val="$PPRDIR/../CA_Project_Final_group7/insertion/insertion/project_task_2/project_task_2.srcs/sources_1/new/IDEX.v"/>
        <Attr Name="ImportTime" Val="1713617408"/>
        <Attr Name="UsedIn" Val="synthesis"/>
        <Attr Name="UsedIn" Val="implementation"/>
        <Attr Name="UsedIn" Val="simulation"/>
      </FileInfo>
    </File>
    <File Path="$PSRCDIR/sources_1/new/IFID.v">
      <FileInfo>
        <Attr Name="ImportPath" Val="$PPRDIR/../CA_Project_Final_group7/insertion/insertion/project_task_2/project_task_2.srcs/sources_1/new/IFID.v"/>
        <Attr Name="ImportTime" Val="1713617408"/>
        <Attr Name="UsedIn" Val="synthesis"/>
        <Attr Name="UsedIn" Val="implementation"/>
        <Attr Name="UsedIn" Val="simulation"/>
      </FileInfo>
    </File>
    <File Path="$PSRCDIR/sources_1/new/MEMWB.v">
      <FileInfo>
        <Attr Name="ImportPath" Val="$PPRDIR/../CA_Project_Final_group7/insertion/insertion/project_task_2/project_task_2.srcs/sources_1/new/MEMWB.v"/>
        <Attr Name="ImportTime" Val="1713617408"/>
        <Attr Name="UsedIn" Val="synthesis"/>
        <Attr Name="UsedIn" Val="implementation"/>
        <Attr Name="UsedIn" Val="simulation"/>
      </FileInfo>
    </File>
    <File Path="$PSRCDIR/sources_1/new/MUX.v">
      <FileInfo>
        <Attr Name="ImportPath" Val="$PPRDIR/../CA_Project_Final_group7/insertion/insertion/project_task_2/project_task_2.srcs/sources_1/new/MUX.v"/>
        <Attr Name="ImportTime" Val="1713617408"/>
        <Attr Name="UsedIn" Val="synthesis"/>
        <Attr Name="UsedIn" Val="implementation"/>
        <Attr Name="UsedIn" Val="simulation"/>
      </FileInfo>
    </File>
    <File Path="$PSRCDIR/sources_1/new/Mux3to1.v">
      <FileInfo>
        <Attr Name="ImportPath" Val="$PPRDIR/../CA_Project_Final_group7/insertion/insertion/project_task_2/project_task_2.srcs/sources_1/new/Mux3to1.v"/>
        <Attr Name="ImportTime" Val="1713617408"/>
        <Attr Name="UsedIn" Val="synthesis"/>
        <Attr Name="UsedIn" Val="implementation"/>
        <Attr Name="UsedIn" Val="simulation"/>
      </FileInfo>
    </File>
    <File Path="$PSRCDIR/sources_1/new/Program_Counter.v">
      <FileInfo>
        <Attr Name="ImportPath" Val="$PPRDIR/../CA_Project_Final_group7/insertion/insertion/project_task_2/project_task_2.srcs/sources_1/new/Program_Counter.v"/>
        <Attr Name="ImportTime" Val="1713617408"/>
        <Attr Name="UsedIn" Val="synthesis"/>
        <Attr Name="UsedIn" Val="implementation"/>
        <Attr Name="UsedIn" Val="simulation"/>
      </FileInfo>
    </File>
    <File Path="$PSRCDIR/sources_1/new/RISC_V_Processor.v">
      <FileInfo>
        <Attr Name="ImportPath" Val="$PPRDIR/../CA_Project_Final_group7/insertion/insertion/project_task_2/project_task_2.srcs/sources_1/new/RISC_V_Processor.v"/>
        <Attr Name="ImportTime" Val="1713617408"/>
        <Attr Name="UsedIn" Val="synthesis"/>
        <Attr Name="UsedIn" Val="implementation"/>
        <Attr Name="UsedIn" Val="simulation"/>
      </FileInfo>
    </File>
    <File Path="$PSRCDIR/sources_1/new/Adder.v">
      <FileInfo>
        <Attr Name="AutoDisabled" Val="1"/>
        <Attr Name="ImportPath" Val="$PPRDIR/../CA_Project_Final_group7/insertion/insertion/project_task_2/project_task_2.srcs/sources_1/new/Adder.v"/>
        <Attr Name="ImportTime" Val="1713617407"/>
        <Attr Name="UsedIn" Val="synthesis"/>
        <Attr Name="UsedIn" Val="implementation"/>
        <Attr Name="UsedIn" Val="simulation"/>
      </FileInfo>
    </File>
    <File Path="$PSRCDIR/sources_1/new/Control_Unit.v">
      <FileInfo>
        <Attr Name="AutoDisabled" Val="1"/>
        <Attr Name="ImportPath" Val="$PPRDIR/../CA_Project_Final_group7/insertion/insertion/project_task_2/project_task_2.srcs/sources_1/new/Control_Unit.v"/>
        <Attr Name="ImportTime" Val="1713617407"/>
        <Attr Name="UsedIn" Val="synthesis"/>
        <Attr Name="UsedIn" Val="implementation"/>
        <Attr Name="UsedIn" Val="simulation"/>
      </FileInfo>
    </File>
    <File Path="$PSRCDIR/sources_1/new/Imm_data_gen.v">
      <FileInfo>
        <Attr Name="AutoDisabled" Val="1"/>
        <Attr Name="ImportPath" Val="$PPRDIR/../CA_Project_Final_group7/insertion/insertion/project_task_2/project_task_2.srcs/sources_1/new/Imm_data_gen.v"/>
        <Attr Name="ImportTime" Val="1713617408"/>
        <Attr Name="UsedIn" Val="synthesis"/>
        <Attr Name="UsedIn" Val="implementation"/>
        <Attr Name="UsedIn" Val="simulation"/>
      </FileInfo>
    </File>
    <File Path="$PSRCDIR/sources_1/new/Instruction.v">
      <FileInfo>
        <Attr Name="AutoDisabled" Val="1"/>
        <Attr Name="ImportPath" Val="$PPRDIR/../CA_Project_Final_group7/insertion/insertion/project_task_2/project_task_2.srcs/sources_1/new/Instruction.v"/>
        <Attr Name="ImportTime" Val="1713617408"/>
        <Attr Name="UsedIn" Val="synthesis"/>
        <Attr Name="UsedIn" Val="implementation"/>
        <Attr Name="UsedIn" Val="simulation"/>
      </FileInfo>
    </File>
    <File Path="$PSRCDIR/sources_1/new/Instruction_Memory.v">
      <FileInfo>
        <Attr Name="AutoDisabled" Val="1"/>
        <Attr Name="ImportPath" Val="$PPRDIR/../CA_Project_Final_group7/insertion/insertion/project_task_2/project_task_2.srcs/sources_1/new/Instruction_Memory.v"/>
        <Attr Name="ImportTime" Val="1713617408"/>
        <Attr Name="UsedIn" Val="synthesis"/>
        <Attr Name="UsedIn" Val="implementation"/>
        <Attr Name="UsedIn" Val="simulation"/>
      </FileInfo>
    </File>
    <File Path="$PSRCDIR/sources_1/new/RegisterFile.v">
      <FileInfo>
        <Attr Name="AutoDisabled" Val="1"/>
        <Attr Name="ImportPath" Val="$PPRDIR/../CA_Project_Final_group7/insertion/insertion/project_task_2/project_task_2.srcs/sources_1/new/RegisterFile.v"/>
        <Attr Name="ImportTime" Val="1713617408"/>
        <Attr Name="UsedIn" Val="synthesis"/>
        <Attr Name="UsedIn" Val="implementation"/>
        <Attr Name="UsedIn" Val="simulation"/>
      </FileInfo>
    </File>
    <File Path="$PSRCDIR/sources_1/new/branch_module.v">
      <FileInfo>
        <Attr Name="AutoDisabled" Val="1"/>
        <Attr Name="ImportPath" Val="$PPRDIR/../CA_Project_Final_group7/insertion/insertion/project_task_2/project_task_2.srcs/sources_1/new/branch_module.v"/>
        <Attr Name="ImportTime" Val="1713617407"/>
        <Attr Name="UsedIn" Val="synthesis"/>
        <Attr Name="UsedIn" Val="implementation"/>
        <Attr Name="UsedIn" Val="simulation"/>
      </FileInfo>
    </File>
    <File Path="$PPRDIR/../dftyui.v">
      <FileInfo>
        <Attr Name="AutoDisabled" Val="1"/>
        <Attr Name="UsedIn" Val="synthesis"/>
        <Attr Name="UsedIn" Val="implementation"/>
        <Attr Name="UsedIn" Val="simulation"/>
      </FileInfo>
    </File>
    <Config>
      <Option Name="DesignMode" Val="RTL"/>
      <Option Name="TopModule" Val="RISC_V_Processor"/>
      <Option Name="TopAutoSet" Val="TRUE"/>
    </Config>
  </FileSet>
  <FileSet Name="constrs_in" Type="Constrs" RelSrcDir="$PSRCDIR/constrs_1">
    <Filter Type="Constrs"/>
    <Config>
      <Option Name="ConstrsType" Val="XDC"/>
    </Config>
  </FileSet>
  <FileSet Name="utils" Type="Utils" RelSrcDir="$PSRCDIR/utils_1">
    <Filter Type="Utils"/>
    <Config>
      <Option Name="TopAutoSet" Val="TRUE"/>
    </Config>
  </FileSet>
  <Strategy Version="1" Minor="2">
    <StratHandle Name="Vivado Implementation Defaults" Flow="Vivado Implementation 2020"/>
    <Step Id="init_design"/>
    <Step Id="opt_design"/>
    <Step Id="power_opt_design"/>
    <Step Id="place_design"/>
    <Step Id="post_place_power_opt_design"/>
    <Step Id="phys_opt_design"/>
    <Step Id="route_design"/>
    <Step Id="post_route_phys_opt_design"/>
    <Step Id="write_bitstream"/>
    <Step Id="write_device_image"/>
  </Strategy>
</GenRun>
