<?xml version="1.0" encoding="UTF-8"?>
<GenRun Id="synth_1" LaunchPart="xc7a35tcpg236-1" LaunchTime="1713774528">
  <File Type="PA-TCL" Name="RISC_V_Processor.tcl"/>
  <File Type="REPORTS-TCL" Name="RISC_V_Processor_reports.tcl"/>
  <File Type="RDS-RDS" Name="RISC_V_Processor.vds"/>
  <File Type="RDS-UTIL" Name="RISC_V_Processor_utilization_synth.rpt"/>
  <File Type="RDS-UTIL-PB" Name="RISC_V_Processor_utilization_synth.pb"/>
  <File Type="RDS-DCP" Name="RISC_V_Processor.dcp"/>
  <FileSet Name="sources" Type="DesignSrcs" RelSrcDir="$PSRCDIR/sources_1">
    <Filter Type="Srcs"/>
    <File Path="$PSRCDIR/sources_1/new/ALU_64_bit.v">
      <FileInfo>
        <Attr Name="ImportPath" Val="$PPRDIR/../insertion/insertion/project_task_2/project_task_2.srcs/sources_1/new/ALU_64_bit.v"/>
        <Attr Name="ImportTime" Val="1713617407"/>
        <Attr Name="UsedIn" Val="synthesis"/>
        <Attr Name="UsedIn" Val="implementation"/>
        <Attr Name="UsedIn" Val="simulation"/>
      </FileInfo>
    </File>
    <File Path="$PSRCDIR/sources_1/new/ALU_Control.v">
      <FileInfo>
        <Attr Name="ImportPath" Val="$PPRDIR/../insertion/insertion/project_task_2/project_task_2.srcs/sources_1/new/ALU_Control.v"/>
        <Attr Name="ImportTime" Val="1713617407"/>
        <Attr Name="UsedIn" Val="synthesis"/>
        <Attr Name="UsedIn" Val="implementation"/>
        <Attr Name="UsedIn" Val="simulation"/>
      </FileInfo>
    </File>
    <File Path="$PSRCDIR/sources_1/new/Data_Memory.v">
      <FileInfo>
        <Attr Name="ImportPath" Val="$PPRDIR/../insertion/insertion/project_task_2/project_task_2.srcs/sources_1/new/Data_Memory.v"/>
        <Attr Name="ImportTime" Val="1713617407"/>
        <Attr Name="UsedIn" Val="synthesis"/>
        <Attr Name="UsedIn" Val="implementation"/>
        <Attr Name="UsedIn" Val="simulation"/>
      </FileInfo>
    </File>
    <File Path="$PSRCDIR/sources_1/new/Decoder.v">
      <FileInfo>
        <Attr Name="ImportPath" Val="$PPRDIR/../task_3/task_3.srcs/sources_1/new/Decoder.v"/>
        <Attr Name="ImportTime" Val="1713773604"/>
        <Attr Name="UsedIn" Val="synthesis"/>
        <Attr Name="UsedIn" Val="implementation"/>
        <Attr Name="UsedIn" Val="simulation"/>
      </FileInfo>
    </File>
    <File Path="$PSRCDIR/sources_1/new/EXMEM.v">
      <FileInfo>
        <Attr Name="ImportPath" Val="$PPRDIR/../insertion/insertion/project_task_2/project_task_2.srcs/sources_1/new/EXMEM.v"/>
        <Attr Name="ImportTime" Val="1713617407"/>
        <Attr Name="UsedIn" Val="synthesis"/>
        <Attr Name="UsedIn" Val="implementation"/>
        <Attr Name="UsedIn" Val="simulation"/>
      </FileInfo>
    </File>
    <File Path="$PSRCDIR/sources_1/new/Forwarding_Unit.v">
      <FileInfo>
        <Attr Name="ImportPath" Val="$PPRDIR/../insertion/insertion/project_task_2/project_task_2.srcs/sources_1/new/Forwarding_Unit.v"/>
        <Attr Name="ImportTime" Val="1713617408"/>
        <Attr Name="UsedIn" Val="synthesis"/>
        <Attr Name="UsedIn" Val="implementation"/>
        <Attr Name="UsedIn" Val="simulation"/>
      </FileInfo>
    </File>
    <File Path="$PSRCDIR/sources_1/new/HazardDetectionUnit.v">
      <FileInfo>
        <Attr Name="ImportPath" Val="$PPRDIR/../task-2/task-2.srcs/sources_1/new/HazardDetectionUnit.v"/>
        <Attr Name="ImportTime" Val="1713713733"/>
        <Attr Name="UsedIn" Val="synthesis"/>
        <Attr Name="UsedIn" Val="implementation"/>
        <Attr Name="UsedIn" Val="simulation"/>
      </FileInfo>
    </File>
    <File Path="$PSRCDIR/sources_1/new/IDEX.v">
      <FileInfo>
        <Attr Name="ImportPath" Val="$PPRDIR/../insertion/insertion/project_task_2/project_task_2.srcs/sources_1/new/IDEX.v"/>
        <Attr Name="ImportTime" Val="1713617408"/>
        <Attr Name="UsedIn" Val="synthesis"/>
        <Attr Name="UsedIn" Val="implementation"/>
        <Attr Name="UsedIn" Val="simulation"/>
      </FileInfo>
    </File>
    <File Path="$PSRCDIR/sources_1/new/IFID.v">
      <FileInfo>
        <Attr Name="ImportPath" Val="$PPRDIR/../insertion/insertion/project_task_2/project_task_2.srcs/sources_1/new/IFID.v"/>
        <Attr Name="ImportTime" Val="1713617408"/>
        <Attr Name="UsedIn" Val="synthesis"/>
        <Attr Name="UsedIn" Val="implementation"/>
        <Attr Name="UsedIn" Val="simulation"/>
      </FileInfo>
    </File>
    <File Path="$PSRCDIR/sources_1/new/MEMWB.v">
      <FileInfo>
        <Attr Name="ImportPath" Val="$PPRDIR/../insertion/insertion/project_task_2/project_task_2.srcs/sources_1/new/MEMWB.v"/>
        <Attr Name="ImportTime" Val="1713617408"/>
        <Attr Name="UsedIn" Val="synthesis"/>
        <Attr Name="UsedIn" Val="implementation"/>
        <Attr Name="UsedIn" Val="simulation"/>
      </FileInfo>
    </File>
    <File Path="$PSRCDIR/sources_1/new/MUX.v">
      <FileInfo>
        <Attr Name="ImportPath" Val="$PPRDIR/../insertion/insertion/project_task_2/project_task_2.srcs/sources_1/new/MUX.v"/>
        <Attr Name="ImportTime" Val="1713617408"/>
        <Attr Name="UsedIn" Val="synthesis"/>
        <Attr Name="UsedIn" Val="implementation"/>
        <Attr Name="UsedIn" Val="simulation"/>
      </FileInfo>
    </File>
    <File Path="$PSRCDIR/sources_1/new/Mux3to1.v">
      <FileInfo>
        <Attr Name="ImportPath" Val="$PPRDIR/../insertion/insertion/project_task_2/project_task_2.srcs/sources_1/new/Mux3to1.v"/>
        <Attr Name="ImportTime" Val="1713617408"/>
        <Attr Name="UsedIn" Val="synthesis"/>
        <Attr Name="UsedIn" Val="implementation"/>
        <Attr Name="UsedIn" Val="simulation"/>
      </FileInfo>
    </File>
    <File Path="$PSRCDIR/sources_1/new/Program_Counter.v">
      <FileInfo>
        <Attr Name="ImportPath" Val="$PPRDIR/../insertion/insertion/project_task_2/project_task_2.srcs/sources_1/new/Program_Counter.v"/>
        <Attr Name="ImportTime" Val="1713617408"/>
        <Attr Name="UsedIn" Val="synthesis"/>
        <Attr Name="UsedIn" Val="implementation"/>
        <Attr Name="UsedIn" Val="simulation"/>
      </FileInfo>
    </File>
    <File Path="$PSRCDIR/sources_1/new/RISC_V_Processor.v">
      <FileInfo>
        <Attr Name="ImportPath" Val="$PPRDIR/../insertion/insertion/project_task_2/project_task_2.srcs/sources_1/new/RISC_V_Processor.v"/>
        <Attr Name="ImportTime" Val="1713617408"/>
        <Attr Name="UsedIn" Val="synthesis"/>
        <Attr Name="UsedIn" Val="implementation"/>
        <Attr Name="UsedIn" Val="simulation"/>
      </FileInfo>
    </File>
    <File Path="$PSRCDIR/sources_1/new/Adder.v">
      <FileInfo>
        <Attr Name="AutoDisabled" Val="1"/>
        <Attr Name="ImportPath" Val="$PPRDIR/../insertion/insertion/project_task_2/project_task_2.srcs/sources_1/new/Adder.v"/>
        <Attr Name="ImportTime" Val="1713617407"/>
        <Attr Name="UsedIn" Val="synthesis"/>
        <Attr Name="UsedIn" Val="implementation"/>
        <Attr Name="UsedIn" Val="simulation"/>
      </FileInfo>
    </File>
    <File Path="$PSRCDIR/sources_1/new/Control_Unit.v">
      <FileInfo>
        <Attr Name="AutoDisabled" Val="1"/>
        <Attr Name="ImportPath" Val="$PPRDIR/../insertion/insertion/project_task_2/project_task_2.srcs/sources_1/new/Control_Unit.v"/>
        <Attr Name="ImportTime" Val="1713617407"/>
        <Attr Name="UsedIn" Val="synthesis"/>
        <Attr Name="UsedIn" Val="implementation"/>
        <Attr Name="UsedIn" Val="simulation"/>
      </FileInfo>
    </File>
    <File Path="$PSRCDIR/sources_1/new/Imm_data_gen.v">
      <FileInfo>
        <Attr Name="AutoDisabled" Val="1"/>
        <Attr Name="ImportPath" Val="$PPRDIR/../insertion/insertion/project_task_2/project_task_2.srcs/sources_1/new/Imm_data_gen.v"/>
        <Attr Name="ImportTime" Val="1713617408"/>
        <Attr Name="UsedIn" Val="synthesis"/>
        <Attr Name="UsedIn" Val="implementation"/>
        <Attr Name="UsedIn" Val="simulation"/>
      </FileInfo>
    </File>
    <File Path="$PSRCDIR/sources_1/new/Instruction.v">
      <FileInfo>
        <Attr Name="AutoDisabled" Val="1"/>
        <Attr Name="ImportPath" Val="$PPRDIR/../insertion/insertion/project_task_2/project_task_2.srcs/sources_1/new/Instruction.v"/>
        <Attr Name="ImportTime" Val="1713617408"/>
        <Attr Name="UsedIn" Val="synthesis"/>
        <Attr Name="UsedIn" Val="implementation"/>
        <Attr Name="UsedIn" Val="simulation"/>
      </FileInfo>
    </File>
    <File Path="$PSRCDIR/sources_1/new/Instruction_Memory.v">
      <FileInfo>
        <Attr Name="AutoDisabled" Val="1"/>
        <Attr Name="ImportPath" Val="$PPRDIR/../insertion/insertion/project_task_2/project_task_2.srcs/sources_1/new/Instruction_Memory.v"/>
        <Attr Name="ImportTime" Val="1713617408"/>
        <Attr Name="UsedIn" Val="synthesis"/>
        <Attr Name="UsedIn" Val="implementation"/>
        <Attr Name="UsedIn" Val="simulation"/>
      </FileInfo>
    </File>
    <File Path="$PSRCDIR/sources_1/new/RegisterFile.v">
      <FileInfo>
        <Attr Name="AutoDisabled" Val="1"/>
        <Attr Name="ImportPath" Val="$PPRDIR/../insertion/insertion/project_task_2/project_task_2.srcs/sources_1/new/RegisterFile.v"/>
        <Attr Name="ImportTime" Val="1713617408"/>
        <Attr Name="UsedIn" Val="synthesis"/>
        <Attr Name="UsedIn" Val="implementation"/>
        <Attr Name="UsedIn" Val="simulation"/>
      </FileInfo>
    </File>
    <File Path="$PSRCDIR/sources_1/new/branch_module.v">
      <FileInfo>
        <Attr Name="AutoDisabled" Val="1"/>
        <Attr Name="ImportPath" Val="$PPRDIR/../insertion/insertion/project_task_2/project_task_2.srcs/sources_1/new/branch_module.v"/>
        <Attr Name="ImportTime" Val="1713617407"/>
        <Attr Name="UsedIn" Val="synthesis"/>
        <Attr Name="UsedIn" Val="implementation"/>
        <Attr Name="UsedIn" Val="simulation"/>
      </FileInfo>
    </File>
    <File Path="$PPRDIR/../../dftyui.v">
      <FileInfo>
        <Attr Name="AutoDisabled" Val="1"/>
        <Attr Name="UsedIn" Val="synthesis"/>
        <Attr Name="UsedIn" Val="implementation"/>
        <Attr Name="UsedIn" Val="simulation"/>
      </FileInfo>
    </File>
    <Config>
      <Option Name="DesignMode" Val="RTL"/>
      <Option Name="TopModule" Val="RISC_V_Processor"/>
      <Option Name="TopAutoSet" Val="TRUE"/>
    </Config>
  </FileSet>
  <FileSet Name="constrs_in" Type="Constrs" RelSrcDir="$PSRCDIR/constrs_1">
    <Filter Type="Constrs"/>
    <Config>
      <Option Name="ConstrsType" Val="XDC"/>
    </Config>
  </FileSet>
  <FileSet Name="utils" Type="Utils" RelSrcDir="$PSRCDIR/utils_1">
    <Filter Type="Utils"/>
    <Config>
      <Option Name="TopAutoSet" Val="TRUE"/>
    </Config>
  </FileSet>
  <Strategy Version="1" Minor="2">
    <StratHandle Name="Vivado Synthesis Defaults" Flow="Vivado Synthesis 2020"/>
    <Step Id="synth_design"/>
  </Strategy>
</GenRun>
